contig_id	contig_length	viral_length	aai_expected_length	aai_completeness	aai_confidence	aai_error	aai_num_hits	aai_top_hit	aai_id	aai_af	hmm_completeness_lower	hmm_completeness_upper	hmm_num_hits	kmer_freq
Caudo-circular||full	31746	NA	29883.108362706196	100.0	medium	7.90179090067877	5	DTR_893670	51.69	71.5	64.27018136158605	97.75625253243624	9	1.0
Caudo-linear||full	13841	NA	32137.921274800952	43.06750234917216	high	1.12639384162563	31	GCA_000836905.1	100.0	97.67	25.101518212463947	43.029490504022085	11	1.0
NCLDV-linear||full	1181111	NA	1210290.6856054927	97.58903493577706	high	1.24961683866353	2	GCA_002966385.1	96.74	95.49	94.5189299654856	99.99794529135397	544	1.01
ssDNA-linear||full	4258	NA	5126.126978440544	83.06466105713513	high	1.48247660798039	5	GCA_000839485.1	100.0	100.0	73.52176289114146	100.0	2	1.0
RNA-linear||full	5538	NA	8338.798429697545	66.41244594997205	high	1.48247660798039	7	GCA_000848665.1	100.0	100.0	58.665024003380864	89.25631256170755	4	1.0
lavidaviridae-linear||full	8598	NA	22478.41971350261	38.250019839407344	low	20.6566983698812	3	GCA_005235055.1	33.4	15.55	3.83	22.12	1	1.0
Caudo-provirus||0_partial	38206	14194	32137.821863225832	44.16602985855022	low	79.6846519773572	31	GCA_000836905.1	100.0	35.59	25.740282881742957	44.126977808453034	11	1.1
